ttm,logm,put,call,name,iv,w,quote_date,expiry,m,train,w_hat,iv_hat,w_prior,iv_prior
0.0096,-1.204,5.9180155514040825e-09,,Data,2.4428919801071944,0.0572901237741316,2019-01-01,2019-01-05,0.2999918414087205,True,0.055157263,2.3969872,0.02351107,1.5649504371180152
0.0096,-0.9163,5.883909064980648e-09,,Data,1.8671806103935868,0.0334690889455657,2019-01-01,2019-01-05,0.3999962927668416,True,0.034209482,1.8877202,0.017910004,1.3658789776073599
0.0096,-0.5108,4.036668850126908e-08,,Data,1.1382849077167012,0.0124386482989019,2019-01-01,2019-01-05,0.6000153744565693,True,0.012763868,1.1530696,0.010015588,1.0214159011379995
0.0096,-0.2231,7.919298061802295e-06,,Data,0.6914897593249429,0.0045903176376121,2019-01-01,2019-01-05,0.8000348418100656,True,0.0045444714,0.6880279,0.0044146604,0.6781301182960799
0.0096,-0.1054,3.2581201328938274e-05,,Data,0.3910471191168707,0.0014680113539481,2019-01-01,2019-01-05,0.8999644647935904,True,0.0014231796,0.3850297,0.0021235177,0.47031878404172306
0.0096,-0.0513,5.756934678257001e-05,,Data,0.218573944668339,0.0004586358651636302,2019-01-01,2019-01-05,0.9499936296895316,True,0.00047231594,0.22180977,0.0010708508,0.333986458309454
0.0096,-0.0253,0.0002128404002285829,,Data,0.145340241040494,0.0002027883423908054,2019-01-01,2019-01-05,0.9750173629392817,True,0.00023911786,0.15782303,0.0005657603,0.24276195114948732
0.0096,0.0,0.0038496619265418,,Data,0.0984869287650278,9.311688132064969e-05,2019-01-01,2019-01-05,1.0,True,8.633777e-05,0.09483416,9.290942e-05,0.09837715304065897
0.0096,0.0247,0.0250359115269506,,Data,0.1050361331389687,0.00010591285694195682,2019-01-01,2019-01-05,1.0250075721228384,True,0.00019049422,0.1408657,0.00017325487,0.1343405459233688
0.0096,0.0488,0.0500321207386036,,Data,0.1864532836913738,0.0003337423391932408,2019-01-01,2019-01-05,1.050010327672887,True,0.00036718228,0.19557135,0.00031692238,0.18169410484515883
0.0096,0.0953,0.1000016746200558,,Data,0.3245266052305599,0.0010110481680237,2019-01-01,2019-01-05,1.0999888022722382,True,0.0009738592,0.31850222,0.00059611525,0.24918936265274622
0.0096,0.1823,0.1999781224817532,,Data,0.5380856894290664,0.0027795476080161,2019-01-01,2019-01-05,1.1999741321260695,True,0.0027497297,0.5351917,0.0011193723,0.3414693004897473
0.0096,0.2624,0.3000475389233258,,Data,0.6961281404300074,0.0046521061238259,2019-01-01,2019-01-05,1.30004645702234,True,0.0046192743,0.69366735,0.001601316,0.40841615250178315
0.0096,0.4055,0.500052403268916,,Data,0.9129339523157004,0.0080011046523913,2019-01-01,2019-01-05,1.500052338750847,True,0.007761091,0.8991368,0.0024624192,0.5064602665796534
0.0096,0.5596,0.7499723792127312,,Data,1.142163952642535,0.0125235695492737,2019-01-01,2019-01-05,1.7499723713311106,True,0.012659024,1.1483241,0.0033897636,0.594222500225064
0.0096,0.6931,0.9999056478872284,,Data,1.3932183430373788,0.0186341505732078,2019-01-01,2019-01-05,1.99990564110608,True,0.01845508,1.3865079,0.0041931556,0.6608986590748427
0.0096,0.9163,1.5000231770877877,,Data,1.8162130068763005,0.0316668449889278,2019-01-01,2019-01-05,2.500023170421985,True,0.030540615,1.7836238,0.005536368,0.7594109639451112
0.0096,1.0986,1.999963140850699,,Data,2.157281865281432,0.0446771044442124,2019-01-01,2019-01-05,2.9999631342221877,True,0.041272853,2.0734646,0.0066334517,0.831254804129823
0.0192,-1.204,6.029871841474625e-09,,Data,1.728537562444472,0.0573665684118043,2019-01-01,2019-01-08,0.2999918414087205,True,0.057977404,1.7377158,0.029181477,1.2328295004620922
0.0192,-0.9163,6.010389989564735e-09,,Data,1.321304044498098,0.033520212057735,2019-01-01,2019-01-08,0.3999962927668416,True,0.035893735,1.3672839,0.02224067,1.0762751738702623
0.0192,-0.5108,7.885772683172059e-08,,Data,0.8285074267860908,0.0131793514798024,2019-01-01,2019-01-08,0.6000153744565693,True,0.013523534,0.83925605,0.012458006,0.8055150371052895
0.0192,-0.2231,1.5961707958060212e-05,,Data,0.5162485566584368,0.0051170413872368,2019-01-01,2019-01-08,0.8000348418100656,True,0.0051852334,0.51967704,0.0055175885,0.5360731284982925
0.0192,-0.1054,6.608820520056733e-05,,Data,0.2977353353308153,0.0017020095341674,2019-01-01,2019-01-08,0.8999644647935904,True,0.0017247634,0.29971892,0.0026788877,0.37353098974522125
0.0192,-0.0513,0.0001932547438764069,,Data,0.182429214946714,0.0006389840345486283,2019-01-01,2019-01-08,0.9499936296895316,True,0.00060469215,0.17746657,0.0013753311,0.26764122807375523
0.0192,-0.0253,0.0008577229424897211,,Data,0.1397166265327891,0.0003747981260102951,2019-01-01,2019-01-08,0.9750173629392817,True,0.00041623792,0.14723809,0.0007510385,0.19777913941935113
0.0192,0.0,0.0052983804277017,,Data,0.0958485725553869,0.00017638941812938116,2019-01-01,2019-01-08,1.0,True,0.0001734215,0.09503878,0.00017600665,0.09574451996934871
0.0192,0.0247,0.0250850840512569,,Data,0.0849631482030146,0.00013859974180929467,2019-01-01,2019-01-08,1.0250075721228384,True,0.00024202622,0.112274356,0.00023379941,0.11034968289921204
0.0192,0.0488,0.0500541174416255,,Data,0.1423153137029447,0.0003888700514758574,2019-01-01,2019-01-08,1.050010327672887,True,0.0004388977,0.15119277,0.0004093381,0.14601264560966853
0.0192,0.0953,0.100014695443733,,Data,0.244505760592936,0.001147834885692,2019-01-01,2019-01-08,1.0999888022722382,True,0.0011222753,0.24176814,0.00075418304,0.1981927515417892
0.0192,0.1823,0.1999821837081848,,Data,0.4000025583268741,0.0030720392960264,2019-01-01,2019-01-08,1.1999741321260695,True,0.003109941,0.4024625,0.0014020654,0.2702299744662871
0.0192,0.2624,0.3000486443809947,,Data,0.5131678074926713,0.0050561510140192,2019-01-01,2019-01-08,1.30004645702234,True,0.0051288265,0.5168427,0.0019991142,0.3226771295218301
0.0192,0.4055,0.5000524637242233,,Data,0.6645906625162946,0.0084802703751138,2019-01-01,2019-01-08,1.500052338750847,True,0.0082591195,0.6558677,0.0030660536,0.3996126779731758
0.0192,0.5596,0.7499723802818249,,Data,0.8113496082462669,0.0126391331865863,2019-01-01,2019-01-08,1.7499723713311106,True,0.01288186,0.8191033,0.004215147,0.4685497839409248
0.0192,0.6931,0.9999056478474792,,Data,0.9849516160984998,0.0186264899722568,2019-01-01,2019-01-08,1.99990564110608,True,0.018757127,0.98839957,0.0052106744,0.5209503719088125
0.0192,0.9163,1.5000231770466452,,Data,1.2839854685821852,0.0316534787237801,2019-01-01,2019-01-08,2.500023170421985,True,0.031200226,1.2747594,0.006875146,0.5983983039988617
0.0192,1.0986,1.999963140820224,,Data,1.52519299606673,0.0446633025648193,2019-01-01,2019-01-08,2.9999631342221877,True,0.043159492,1.4992965,0.008234634,0.654894793719203
0.0385,-1.204,6.271253694082591e-09,,Data,1.2223826484422209,0.0575274445596858,2019-01-01,2019-01-15,0.2999918414087205,True,0.057855092,1.2258587,0.035688158,0.9627902918578488
0.0385,-0.9163,6.282159717699777e-09,,Data,0.9345739014352352,0.0336269925238892,2019-01-01,2019-01-15,0.3999962927668416,True,0.035884522,0.9654354,0.027218703,0.8408206130863758
0.0385,-0.5108,1.707670703932905e-07,,Data,0.6061168390025349,0.0141440384671133,2019-01-01,2019-01-15,0.6000153744565693,True,0.014098771,0.6051461,0.015281615,0.6300198893475816
0.0385,-0.2231,3.2716016889810124e-05,,Data,0.3875159115238222,0.0057814903948393,2019-01-01,2019-01-15,0.8000348418100656,True,0.005962564,0.39353752,0.006813197,0.4206734529927455
0.0385,-0.1054,0.00017918794671391115,,Data,0.2372003806021499,0.0021661647914754,2019-01-01,2019-01-15,0.8999644647935904,True,0.0021855563,0.23825973,0.0033504681,0.29500024739617076
0.0385,-0.0513,0.0008381882672997581,,Data,0.1684820445811986,0.001092868674831,2019-01-01,2019-01-15,0.9499936296895316,True,0.0010964861,0.16876066,0.0017619962,0.21393020996174805
0.0385,-0.0253,0.0023477163879331,,Data,0.1345076635547193,0.0006965539948655581,2019-01-01,2019-01-15,0.9750173629392817,True,0.00077583507,0.1419562,0.0010038754,0.16147657923101202
0.0385,0.0,0.0071229917753485,,Data,0.090997148019821,0.0003187985164880373,2019-01-01,2019-01-15,1.0,True,0.0003083213,0.089489356,0.00031848665,0.09095262802083788
0.0385,0.0247,0.0253183690740242,,Data,0.0761957374468653,0.00022352293059525817,2019-01-01,2019-01-15,1.0250075721228384,True,0.0003263387,0.09206699,0.00032266154,0.0915468139715837
0.0385,0.0488,0.0501032954860117,,Data,0.11035746554418,0.000468882652751393,2019-01-01,2019-01-15,1.050010327672887,True,0.00055487565,0.120051466,0.00052990695,0.11731929407015296
0.0385,0.0953,0.1000413326218901,,Data,0.1854343944794699,0.0013238577142547,2019-01-01,2019-01-15,1.0999888022722382,True,0.001257611,0.18073522,0.0009476588,0.1568901334072927
0.0385,0.1823,0.199990570568937,,Data,0.2985872288943294,0.0034324418304635,2019-01-01,2019-01-15,1.1999741321260695,True,0.003403478,0.29732478,0.001736825,0.21239665066938734
0.0385,0.2624,0.3000509529007457,,Data,0.3794144027422352,0.0055422786268175,2019-01-01,2019-01-15,1.30004645702234,True,0.00560333,0.38149843,0.002464918,0.2530293322176923
0.0385,0.4055,0.5000525938182673,,Data,0.4851460096534977,0.0090616160512844,2019-01-01,2019-01-15,1.500052338750847,True,0.008891908,0.48058158,0.0037664908,0.3127793647912416
0.0385,0.5596,0.7499723828206559,,Data,0.5782193700711364,0.0128719991371302,2019-01-01,2019-01-15,1.7499723713311106,True,0.013185439,0.585217,0.0051684934,0.36639675363845897
0.0385,0.6931,0.9999056478028102,,Data,0.6953992482748352,0.0186178344082964,2019-01-01,2019-01-15,1.99990564110608,True,0.018955152,0.7016706,0.0063831937,0.4071820696433201
0.0385,0.9163,1.500023176973895,,Data,0.9063938273371386,0.0316296661540423,2019-01-01,2019-01-15,2.500023170421985,True,0.031523097,0.90486556,0.008414175,0.46749332549981937
0.0385,1.0986,1.999963140766858,,Data,1.076779704116506,0.0446389994510933,2019-01-01,2019-01-15,2.9999631342221877,True,0.043802306,1.0666406,0.010073044,0.5115051468513128
0.0577,-1.204,6.453387712791371e-09,,Data,0.9995261381988864,0.0576453293043983,2019-01-01,2019-01-22,0.2999918414087205,True,0.057992276,1.0025295,0.039923802,0.8318174753353249
0.0577,-0.9163,6.498823290096148e-09,,Data,0.7643406830472212,0.033709302422215,2019-01-01,2019-01-22,0.3999962927668416,True,0.03589817,0.78876615,0.030465042,0.7266294331207616
0.0577,-0.5108,2.906230561619976e-07,,Data,0.5079695825847785,0.0148885096871691,2019-01-01,2019-01-22,0.6000153744565693,True,0.0148537485,0.50737625,0.017133752,0.5449270042239216
0.0577,-0.2231,5.379163394607837e-05,,Data,0.3314625250155683,0.0063393492967554,2019-01-01,2019-01-22,0.8000348418100656,True,0.0064666336,0.3347736,0.007676783,0.3647553967279805
0.0577,-0.1054,0.00041967171623774,,Data,0.2190093312454265,0.0027675855298572,2019-01-01,2019-01-22,0.8999644647935904,True,0.0027611274,0.21875365,0.0038108602,0.2569943662303415
0.0577,-0.0513,0.0016836540939678,,Data,0.1625901248456274,0.0015253311598351,2019-01-01,2019-01-22,0.9499936296895316,True,0.0014939802,0.16091055,0.0020391585,0.18799122753082761
0.0577,-0.0253,0.0036371399732616,,Data,0.1299559745433995,0.0009744696419365756,2019-01-01,2019-01-22,0.9750173629392817,True,0.0009813413,0.13041338,0.0011961467,0.1439807125204406
0.0577,0.0,0.008395029523608,,Data,0.087605680744853,0.0004428333807389784,2019-01-01,2019-01-22,1.0,True,0.00042996678,0.0863236,0.00044265503,0.0875880373622703
0.0577,0.0247,0.0256525523291847,,Data,0.0731733031776233,0.0003089449735902365,2019-01-01,2019-01-22,1.0250075721228384,True,0.0004181256,0.08512664,0.00039617147,0.08286167173763304
0.0577,0.0488,0.0501759776450266,,Data,0.0977909419414088,0.0005517890423979679,2019-01-01,2019-01-22,1.050010327672887,True,0.00067422783,0.10809744,0.00061923027,0.10359485376776814
0.0577,0.0953,0.100068568090913,,Data,0.1586166351037467,0.0014516879709553,2019-01-01,2019-01-22,1.0999888022722382,True,0.0013711132,0.15415186,0.0010821893,0.136950525843175
0.0577,0.1823,0.1999991868156574,,Data,0.2526526127506578,0.0036831838755056,2019-01-01,2019-01-22,1.1999741321260695,True,0.0035970563,0.24968112,0.001961911,0.18439611012040805
0.0577,0.2624,0.300053354358599,,Data,0.3190569479240278,0.0058737062882729,2019-01-01,2019-01-22,1.30004645702234,True,0.0058212997,0.3176304,0.0027745361,0.2192841727591743
0.0577,0.4055,0.5000527338163525,,Data,0.4048351644843608,0.0094565401502576,2019-01-01,2019-01-22,1.500052338750847,True,0.009238042,0.40013087,0.0042277444,0.27068641213739014
0.0577,0.5596,0.7499723858849519,,Data,0.476485497855447,0.0131001173917601,2019-01-01,2019-01-22,1.7499723713311106,True,0.013432714,0.4824963,0.0057933205,0.3168661669806686
0.0577,0.6931,0.9999056478279528,,Data,0.5681114758188112,0.0186227124448204,2019-01-01,2019-01-22,1.99990564110608,True,0.019005913,0.57392675,0.0071498174,0.3520137026153721
0.0577,0.9163,1.5000231769276355,,Data,0.7402094025981452,0.0316144046743843,2019-01-01,2019-01-22,2.500023170421985,True,0.031647295,0.7405943,0.0094179455,0.40400820038800866
0.0577,1.0986,1.999963140733087,,Data,0.8794153804548841,0.0446235304366611,2019-01-01,2019-01-22,2.9999631342221877,True,0.044032734,0.87357444,0.0112705445,0.441961605249681
0.0833,-1.204,6.5694495517113665e-09,,Data,0.8324089561450848,0.0577189590335367,2019-01-01,2019-01-31,0.2999918414087205,True,0.058306348,0.8366338,0.044242915,0.7287848984193789
0.0833,-0.9163,6.701226169565795e-09,,Data,0.6368447459433719,0.0337840834952919,2019-01-01,2019-01-31,0.3999962927668416,True,0.035890207,0.6563953,0.033780657,0.6368124473476358
0.0833,-0.5108,5.515829603594167e-07,,Data,0.4367423497886504,0.0158889652122393,2019-01-01,2019-01-31,0.6000153744565693,True,0.01607011,0.43922487,0.019035239,0.4780316631562812
0.0833,-0.2231,0.00010837007255296534,,Data,0.2961794087315745,0.0073072627716435,2019-01-01,2019-01-31,0.8000348418100656,True,0.0073104133,0.29624325,0.008575905,0.3208614065135033
0.0833,-0.1054,0.0009089358103008148,,Data,0.2080471757330513,0.0036055261566305,2019-01-01,2019-01-31,0.8999644647935904,True,0.0036948363,0.21060811,0.004301751,0.2272480342209428
0.0833,-0.0513,0.0028107986007662,,Data,0.1564618760124668,0.0020392105431568,2019-01-01,2019-01-31,0.9499936296895316,True,0.0020359238,0.15633573,0.002345451,0.16779950453233855
0.0833,-0.0253,0.0050519749711527,,Data,0.1247020612578337,0.0012953653200266,2019-01-01,2019-01-31,0.9750173629392817,True,0.0012820571,0.124059826,0.0014180344,0.13047307172332967
0.0833,0.0,0.0097543370734852,,Data,0.0847180617482179,0.0005978565938650267,2019-01-01,2019-01-31,1.0,True,0.0005890603,0.08409252,0.00059784047,0.08471691906225817
0.0833,0.0247,0.0261460008345553,,Data,0.0707737514672223,0.0004172433605987885,2019-01-01,2019-01-31,1.0250075721228384,True,0.0005237286,0.07929223,0.00048817086,0.07655321330839136
0.0833,0.0488,0.0503234872746872,,Data,0.090111283846685,0.0006763996215922704,2019-01-01,2019-01-31,1.050010327672887,True,0.00080932816,0.09856888,0.0007213649,0.09305827746886633
0.0833,0.0953,0.1001080484704391,,Data,0.1384460765622159,0.0015966374324187,2019-01-01,2019-01-31,1.0999888022722382,True,0.0015394472,0.13594395,0.0012277011,0.12140143457651076
0.0833,0.1823,0.2000110715754951,,Data,0.2176200819206514,0.003944963054594,2019-01-01,2019-01-31,1.1999741321260695,True,0.0038823667,0.21588665,0.0021982,0.16244677674421745
0.0833,0.2624,0.3000567085090726,,Data,0.2731373109667486,0.0062145124204907,2019-01-01,2019-01-31,1.30004645702234,True,0.006113122,0.2709,0.0030962382,0.192794519690338
0.0833,0.4055,0.5000529363570094,,Data,0.344061338232071,0.0098609044320214,2019-01-01,2019-01-31,1.500052338750847,True,0.009655252,0.34045467,0.004703004,0.23761024895852814
0.0833,0.5596,0.7499723908309499,,Data,0.4009780129846536,0.0133932544625301,2019-01-01,2019-01-31,1.7499723713311106,True,0.01377712,0.40668365,0.006434379,0.27792705360379455
0.0833,0.6931,0.9999056479735714,,Data,0.473178033937645,0.0186506577350312,2019-01-01,2019-01-31,1.99990564110608,True,0.019074244,0.4785212,0.007934649,0.30863227970642654
0.0833,0.9163,1.5000231769058114,,Data,0.6159852567097459,0.0316071717790981,2019-01-01,2019-01-31,2.500023170421985,True,0.031678505,0.61667997,0.010443277,0.35407551242060165
0.0833,1.0986,1.999963140716899,,Data,0.7318519873142979,0.0446160907002794,2019-01-01,2019-01-31,2.9999631342221877,True,0.04412161,0.7277851,0.01249236,0.38725741143512415
0.1667,-1.204,7.742266864295323e-09,,Data,0.5919172719476254,0.0584060216735475,2019-01-01,2019-03-03,0.2999918414087205,True,0.06177387,0.60874385,0.054602806,0.5723209963698778
0.1667,-0.9163,6.321809871685722e-08,,Data,0.4914644976350293,0.0402642766510231,2019-01-01,2019-03-03,0.3999962927668416,True,0.039184198,0.484828,0.04175815,0.5004985508608929
0.1667,-0.5108,1.2871820818918396e-05,,Data,0.3744949612635038,0.0233790875511592,2019-01-01,2019-03-03,0.6000153744565693,True,0.023568008,0.37600502,0.02365599,0.3767061976129881
0.1667,-0.2231,0.000631892331060658,,Data,0.261310892159028,0.0113828398395698,2019-01-01,2019-03-03,0.8000348418100656,True,0.0116427615,0.26427752,0.010819244,0.2547596606491457
0.1667,-0.1054,0.002893885613966,,Data,0.1890472716903309,0.005957669784624,2019-01-01,2019-03-03,0.8999644647935904,True,0.00605479,0.19058195,0.005580293,0.1829619170080441
0.1667,-0.0513,0.0058778812060209,,Data,0.1424155687397855,0.0033810417763867,2019-01-01,2019-03-03,0.9499936296895316,True,0.003389454,0.14259262,0.00319261,0.13839013793662466
0.1667,-0.0253,0.0084967506793218,,Data,0.1140700053566285,0.0021690947525476,2019-01-01,2019-03-03,0.9750173629392817,True,0.002149178,0.1135451,0.0020728922,0.11151173004419924
0.1667,0.0,0.0132432559522392,,Data,0.0813086685164647,0.0011020702993059,2019-01-01,2019-03-03,1.0,True,0.0011097263,0.0815906,0.0011021615,0.08131203191786844
0.1667,0.0247,0.0278041171901759,,Data,0.0672743216494487,0.0007544565867106943,2019-01-01,2019-03-03,1.0250075721228384,True,0.0008035357,0.06942802,0.000806438,0.06955329142059599
0.1667,0.0488,0.0510463751614,,Data,0.0807574398976228,0.0010871780752729,2019-01-01,2019-03-03,1.050010327672887,True,0.0010772081,0.080386296,0.001026492,0.07847114347765245
0.1667,0.0953,0.1003093136365814,,Data,0.1118152681337114,0.0020841924531085,2019-01-01,2019-03-03,1.0999888022722382,True,0.0021169495,0.11269054,0.0016191172,0.09855333965050164
0.1667,0.1823,0.2000545186941241,,Data,0.1657982812537756,0.0045824279801199,2019-01-01,2019-03-03,1.1999741321260695,True,0.004616669,0.16641657,0.00279805,0.1295567160458893
0.1667,0.2624,0.3000688707301015,,Data,0.2049829815931304,0.0070044043912263,2019-01-01,2019-03-03,1.30004645702234,True,0.0069212154,0.20376208,0.003896718,0.15289091651966125
0.1667,0.4055,0.5000537300910604,,Data,0.2544775261531762,0.0107952938465506,2019-01-01,2019-03-03,1.500052338750847,True,0.010754562,0.25399697,0.005866417,0.18759388284512785
0.1667,0.5596,0.7499724144128022,,Data,0.2924136680663685,0.0142538090704471,2019-01-01,2019-03-03,1.7499723713311106,True,0.0148498425,0.2984648,0.007990644,0.21893898470707593
0.1667,0.6931,0.9999056490959658,,Data,0.33627282859131,0.018850338521975,2019-01-01,2019-03-03,1.99990564110608,True,0.019511154,0.34211624,0.009831874,0.24285684324489193
0.1667,0.9163,1.500023176937922,,Data,0.435509936512025,0.031617806430278,2019-01-01,2019-03-03,2.500023170421985,True,0.031615324,0.43549284,0.0129111195,0.2783006050020839
0.1667,1.0986,1.9999631407346905,,Data,0.5173896601702634,0.0446242664771984,2019-01-01,2019-03-03,2.9999631342221877,True,0.044198327,0.5149145,0.015426525,0.30420493316271946
0.25,-1.204,1.4764402093092845e-07,,Data,0.5441741792754112,0.0740313843475168,2019-01-01,2019-04-02,0.2999918414087205,True,0.07394182,0.5438449,0.06285628,0.5014230920632368
0.25,-0.9163,2.0529316581900858e-06,,Data,0.4759534930747876,0.0566329318925229,2019-01-01,2019-04-02,0.3999962927668416,True,0.054017738,0.46483433,0.048141662,0.4388241653847797
0.25,-0.5108,9.06429926939178e-05,,Data,0.3590971971083894,0.0322376992427753,2019-01-01,2019-04-02,0.6000153744565693,True,0.032001685,0.3577803,0.027405567,0.3310925397360241
0.25,-0.2231,0.0014967372709425,,Data,0.2454799208891685,0.0150650978899381,2019-01-01,2019-04-02,0.8000348418100656,True,0.015166792,0.24630706,0.012706147,0.22544308883184244
0.25,-0.1054,0.0048083547745108,,Data,0.1771432159780318,0.0078449297417599,2019-01-01,2019-04-02,0.8999644647935904,True,0.007852696,0.17723088,0.0067161024,0.163903659040048
0.25,-0.0513,0.008384010477771,,Data,0.134349012472878,0.0045124142881093,2019-01-01,2019-04-02,0.9499936296895316,True,0.004463949,0.13362558,0.003998644,0.1264696672616982
0.25,-0.0253,0.0112847231436806,,Data,0.109204276221865,0.0029813934862853,2019-01-01,2019-04-02,0.9750173629392817,True,0.00291126,0.10791218,0.0027366574,0.10462614190026526
0.25,0.0,0.0162205498083095,,Data,0.0813233796235321,0.0016533730183482,2019-01-01,2019-04-02,1.0,True,0.00165855,0.0814506,0.001653373,0.08132337938364138
0.25,0.0247,0.0295123211122355,,Data,0.0667272617872626,0.0011131318664064,2019-01-01,2019-04-02,1.0250075721228384,True,0.0011684721,0.06836584,0.0011938161,0.06910328718958295
0.25,0.0488,0.0519169674670101,,Data,0.0768156388613852,0.0014751605934206,2019-01-01,2019-04-02,1.050010327672887,True,0.0014158892,0.07525661,0.0013527095,0.07355839816684234
0.25,0.0953,0.1006319364843825,,Data,0.1020563508698802,0.002603874688219,2019-01-01,2019-04-02,1.0999888022722382,True,0.0026090571,0.10215786,0.0019853937,0.0891155137424662
0.25,0.1823,0.2001173998684667,,Data,0.144026497366846,0.0051859079859405,2019-01-01,2019-04-02,1.1999741321260695,True,0.0052193026,0.14448948,0.0033162895,0.11517446787271148
0.25,0.2624,0.3000845088351753,,Data,0.1749220131831166,0.0076494276740086,2019-01-01,2019-04-02,1.30004645702234,True,0.007549294,0.17377335,0.004568982,0.1351884897180836
0.25,0.4055,0.5000547969617943,,Data,0.2146877993301781,0.0115227127953087,2019-01-01,2019-04-02,1.500052338750847,True,0.011329543,0.21288066,0.006820969,0.16517831356348803
0.25,0.5596,0.7499724541358368,,Data,0.2453224447748055,0.0150457754775718,2019-01-01,2019-04-02,1.7499723713311106,True,0.01515334,0.2461978,0.009252337,0.19237813605032147
0.25,0.6931,0.9999056513323484,,Data,0.2770180287130354,0.019184747058014,2019-01-01,2019-04-02,1.99990564110608,True,0.0196107,0.2800764,0.011360611,0.21317233249419767
0.25,0.9163,1.5000231769580636,,Data,0.3556653137254792,0.0316244538468608,2019-01-01,2019-04-02,2.500023170421985,True,0.031396504,0.35438117,0.014887203,0.24402625647599394
0.25,1.0986,1.9999631407352128,,Data,0.4224902671101485,0.0446245064507011,2019-01-01,2019-04-02,2.9999631342221877,True,0.044079863,0.41990408,0.017768383,0.26659619671798057
0.3333,-1.204,1.6664437178308007e-06,,Data,0.5315935088114532,0.0941877998148705,2019-01-01,2019-05-03,0.2999918414087205,True,0.09208856,0.5256361,0.070192024,0.45890863148174504
0.3333,-0.9163,1.343979116103697e-05,,Data,0.4639948760398384,0.0717565719555752,2019-01-01,2019-05-03,0.3999962927668416,True,0.07116625,0.46208236,0.05383865,0.4019105722579537
0.3333,-0.5108,0.000263391630985826,,Data,0.3467446918685425,0.0400732860502921,2019-01-01,2019-05-03,0.6000153744565693,True,0.03969633,0.34510997,0.030795136,0.30396488097270963
0.3333,-0.2231,0.0024758904616383,,Data,0.2339073253346111,0.0182357218605023,2019-01-01,2019-05-03,0.8000348418100656,True,0.018289726,0.23425342,0.014466892,0.2083387061765926
0.3333,-0.1054,0.0065924257055735,,Data,0.1689559068810502,0.0095144146200503,2019-01-01,2019-05-03,0.8999644647935904,True,0.009514006,0.16895229,0.007824772,0.1532209639020556
0.3333,-0.0513,0.0106624362494023,,Data,0.1295504171209648,0.0055938774150527,2019-01-01,2019-05-03,0.9499936296895316,True,0.0055223466,0.12871945,0.004826115,0.12033201118245858
0.3333,-0.0253,0.0138396648683497,,Data,0.106936570649828,0.0038114288664438,2019-01-01,2019-05-03,0.9750173629392817,True,0.0037120266,0.10553291,0.0034456486,0.10167585535748744
0.3333,0.0,0.0189896825301606,,Data,0.0824576565972015,0.0022661950683296,2019-01-01,2019-05-03,1.0,True,0.0022722601,0.08256792,0.002266295,0.08245947502077391
0.3333,0.0247,0.0313151466075953,,Data,0.067563573138704,0.0015214599772091,2019-01-01,2019-05-03,1.0250075721228384,True,0.0016178396,0.069670685,0.0016627247,0.07063053745704453
0.3333,0.0488,0.0528662340462875,,Data,0.0747682972782268,0.0018632464160191,2019-01-01,2019-05-03,1.050010327672887,True,0.0018088267,0.07366833,0.001727151,0.07198590942003014
0.3333,0.0953,0.1010351787472653,,Data,0.0965965718073934,0.0031099881983908,2019-01-01,2019-05-03,1.0999888022722382,True,0.00309552,0.09637162,0.0023630853,0.0842019289553127
0.3333,0.1823,0.2002122763814319,,Data,0.1323973272732163,0.005842433121288,2019-01-01,2019-05-03,1.1999741321260695,True,0.005863101,0.1326313,0.003813351,0.10696353227270408
0.3333,0.2624,0.3001086227118428,,Data,0.1582803289431578,0.008350052421367,2019-01-01,2019-05-03,1.30004645702234,True,0.008314219,0.15794034,0.005197009,0.12487027858449966
0.3333,0.4055,0.5000565079520755,,Data,0.1919763516660693,0.0122837447023514,2019-01-01,2019-05-03,1.500052338750847,True,0.012170794,0.1910917,0.0076934192,0.1519294769144194
0.3333,0.5596,0.7499725316152014,,Data,0.2186563346500606,0.0159352705411103,2019-01-01,2019-05-03,1.7499723713311106,True,0.01574073,0.21731754,0.010392573,0.17658096238260382
0.3333,0.6931,0.9999056565194936,,Data,0.2435264807517217,0.0197664054375453,2019-01-01,2019-05-03,1.99990564110608,True,0.019852612,0.24405694,0.012734224,0.1954648124721212
0.3333,0.9163,1.5000231770109909,,Data,0.3081152454422466,0.0316418369911628,2019-01-01,2019-05-03,2.500023170421985,True,0.031373408,0.30680552,0.016652245,0.2235212101718121
0.3333,1.0986,1.999963140735768,,Data,0.36590664382355,0.0446247610756716,2019-01-01,2019-05-03,2.9999631342221877,True,0.044087645,0.3636979,0.019853704,0.2440636550978797
0.4167,-1.204,7.549589880572661e-06,,Data,0.5202624160735217,0.1127894314238269,2019-01-01,2019-06-02,0.2999918414087205,True,0.110529296,0.51502335,0.07696647,0.42977291253368605
0.4167,-0.9163,4.3038491307198304e-05,,Data,0.4527335500874804,0.0854100269950846,2019-01-01,2019-06-02,0.3999962927668416,True,0.08499682,0.4516371,0.059120707,0.37666742233108647
0.4167,-0.5108,0.0005191996326246372,,Data,0.3359035255766416,0.0470167520787904,2019-01-01,2019-06-02,0.6000153744565693,True,0.04658237,0.33434823,0.0339768,0.2855482424241765
0.4167,-0.2231,0.0034902381651344,,Data,0.2248838708191038,0.0210736671562549,2019-01-01,2019-06-02,0.8000348418100656,True,0.021109786,0.22507651,0.016169008,0.19698353911178665
0.4167,-0.1054,0.0083000981624776,,Data,0.1631214958790513,0.0110878129615053,2019-01-01,2019-06-02,0.8999644647935904,True,0.01110288,0.1632323,0.008939259,0.14646673618888129
0.4167,-0.0513,0.0128317478759489,,Data,0.1265892634708386,0.0066775515055914,2019-01-01,2019-06-02,0.9499936296895316,True,0.006615547,0.12600017,0.0056915605,0.1168702374005802
0.4167,-0.0253,0.0162760001063028,,Data,0.1059789327749128,0.004680180297852,2019-01-01,2019-06-02,0.9750173629392817,True,0.0045819664,0.10486105,0.0042078164,0.10048856462970938
0.4167,0.0,0.0216367160896941,,Data,0.084027756505141,0.0029421786318318,2019-01-01,2019-06-02,1.0,True,0.0029549918,0.08421053,0.0029422748,0.0840291296220978
0.4167,0.0247,0.0332220098076775,,Data,0.0691406498723724,0.0019920049579713,2019-01-01,2019-06-02,1.0250075721228384,True,0.002127454,0.07145265,0.0022117326,0.07285419355275839
0.4167,0.0488,0.0538898334485114,,Data,0.0737886747952045,0.0022688350456311,2019-01-01,2019-06-02,1.050010327672887,True,0.0022230064,0.073039636,0.002161499,0.07202210005404609
0.4167,0.0953,0.1014944066369585,,Data,0.0929847016671714,0.0036028526818801,2019-01-01,2019-06-02,1.0999888022722382,True,0.003573394,0.09260377,0.002765374,0.08146389845478645
0.4167,0.1823,0.200339747655989,,Data,0.1250653016626974,0.0065177420776482,2019-01-01,2019-06-02,1.1999741321260695,True,0.0065133534,0.12502319,0.0043079616,0.10167733609065097
0.4167,0.2624,0.30014571374078,,Data,0.1480414976061184,0.0091325159651097,2019-01-01,2019-06-02,1.30004645702234,True,0.009127928,0.14800431,0.0058061723,0.11804108921873994
0.4167,0.4055,0.500059815013581,,Data,0.1782522799356644,0.0132401738384527,2019-01-01,2019-06-02,1.500052338750847,True,0.01326519,0.1784206,0.008521736,0.14300534801633397
0.4167,0.5596,0.7499727375733716,,Data,0.2031522648983507,0.0171975601669784,2019-01-01,2019-06-02,1.7499723713311106,True,0.017092353,0.2025299,0.011463171,0.16585960731288837
0.4167,0.6931,0.9999056747750368,,Data,0.224341092177065,0.0209720633138539,2019-01-01,2019-06-02,1.99990564110608,True,0.020986298,0.22441721,0.014016612,0.18340441342738686
0.4167,0.9163,1.5000231773125805,,Data,0.2759830147223952,0.0317386323938395,2019-01-01,2019-06-02,2.500023170421985,True,0.03162452,0.2754864,0.018290402,0.20950764713052855
0.4167,1.0986,1.9999631407459384,,Data,0.3272644993537414,0.0446294252922741,2019-01-01,2019-06-02,2.9999631342221877,True,0.044177607,0.32560372,0.02178322,0.22863845940112798
0.5,-1.204,2.110124018094876e-05,,Data,0.5095115817390414,0.1298010259631099,2019-01-01,2019-07-03,0.2999918414087205,True,0.12753448,0.5050435,0.08332503,0.4082279471557395
0.5,-0.9163,9.549397862703072e-05,,Data,0.44223678894913,0.0977866887500186,2019-01-01,2019-07-03,0.3999962927668416,True,0.09724567,0.44101173,0.06409789,0.3580443792820082
0.5,-0.5108,0.0008367858339229372,,Data,0.3263897024139759,0.0532651189209418,2019-01-01,2019-07-03,0.6000153744565693,True,0.052875146,0.3251927,0.037010852,0.27206930090503256
0.5,-0.2231,0.0045149382220762,,Data,0.2176927134486186,0.0236950587443112,2019-01-01,2019-07-03,0.8000348418100656,True,0.023706634,0.21774587,0.017837562,0.1888785941654876
0.5,-0.1054,0.009960170801004,,Data,0.1588495238682418,0.0126165856165835,2019-01-01,2019-07-03,0.8999644647935904,True,0.012637764,0.1589828,0.010070084,0.14191605732169665
0.5,-0.0513,0.0149313649657912,,Data,0.1247380702016324,0.0077797930788136,2019-01-01,2019-07-03,0.9499936296895316,True,0.007737062,0.124395035,0.0065981564,0.11487520542920271
0.5,-0.0253,0.0186291526830458,,Data,0.1057479962246018,0.0055913193527592,2019-01-01,2019-07-03,0.9750173629392817,True,0.005508783,0.10496459,0.0050222757,0.10022250971954585
0.5,0.0,0.0241894854325536,,Data,0.085762633146922,0.0036776146221467,2019-01-01,2019-07-03,1.0,True,0.0036982843,0.0860033,0.0036776147,0.08576263442448732
0.5,0.0247,0.0352134253177986,,Data,0.07110888284862,0.0025282366099893,2019-01-01,2019-07-03,1.0250075721228384,True,0.0026894277,0.07334068,0.0028341666,0.07528833419548087
0.5,0.0488,0.0549874585572525,,Data,0.0735047602889807,0.0027014748925702,2019-01-01,2019-07-03,1.050010327672887,True,0.0026647078,0.073002845,0.0026603725,0.07294343736507367
0.5,0.0953,0.1019981620092445,,Data,0.0904415890176118,0.0040898405120153,2019-01-01,2019-07-03,1.0999888022722382,True,0.0040567317,0.09007476,0.0031986947,0.07998368171787139
0.5,0.1823,0.200495473056234,,Data,0.1198780584703659,0.0071853744513122,2019-01-01,2019-07-03,1.1999741321260695,True,0.0071555106,0.11962868,0.0048077707,0.0980588671960784
0.5,0.2624,0.3001972911275574,,Data,0.1410682734335,0.0099501288847543,2019-01-01,2019-07-03,1.30004645702234,True,0.00992952,0.1409221,0.006406556,0.11319501652976077
0.5,0.4055,0.5000659199672932,,Data,0.1695250086900245,0.0143693642856764,2019-01-01,2019-07-03,1.500052338750847,True,0.014407949,0.16975246,0.00932103,0.13653593101693096
0.5,0.5596,0.7499732915954247,,Data,0.1941391264564813,0.0188450002106428,2019-01-01,2019-07-03,1.7499723713311106,True,0.018827705,0.19405001,0.012484918,0.15801846948057174
0.5,0.6931,0.9999057436473164,,Data,0.2142537558052309,0.0229523359383237,2019-01-01,2019-07-03,1.99990564110608,True,0.022956168,0.21427163,0.015233546,0.17454824871143823
0.5,0.9163,1.5000231793663226,,Data,0.2542214091495761,0.032314262434998,2019-01-01,2019-07-03,2.500023170421985,True,0.032487918,0.25490358,0.019835856,0.1991775881560691
0.5,1.0986,1.9999631408600465,,Data,0.298935867604524,0.0446813264702347,2019-01-01,2019-07-03,2.9999631342221877,True,0.044404157,0.29800725,0.023598006,0.21724643147888242
0.5833,-1.204,4.465901508460112e-05,,Data,0.499373093447451,0.1454595546516961,2019-01-01,2019-08-02,0.2999918414087205,True,0.14328414,0.49562487,0.08936918,0.391424398656191
0.5833,-0.9163,0.00017158642389180948,,Data,0.432533507168788,0.1091268174726828,2019-01-01,2019-08-02,0.3999962927668416,True,0.10854079,0.43137056,0.06884718,0.34355564430700214
0.5833,-0.5108,0.0011997763004444,,Data,0.3180248025609532,0.0589948307831262,2019-01-01,2019-08-02,0.6000153744565693,True,0.058747943,0.31735864,0.039939772,0.26167172915960335
0.5833,-0.2231,0.0055455515685848,,Data,0.2118496680550028,0.0261786684060301,2019-01-01,2019-08-02,0.8000348418100656,True,0.026160633,0.21177667,0.01949065,0.18279620379968664
0.5833,-0.1054,0.0115916404704137,,Data,0.1556400831716403,0.0141297632411275,2019-01-01,2019-08-02,0.8999644647935904,True,0.014140175,0.15569742,0.01122521,0.13872388432910643
0.5833,-0.0513,0.0169835089105196,,Data,0.1235900024066357,0.0089096092557189,2019-01-01,2019-08-02,0.9499936296895316,True,0.008883379,0.123407945,0.0075486577,0.11375981531114165
0.5833,-0.0253,0.0209208634235042,,Data,0.1059435014493812,0.0065469740737738,2019-01-01,2019-08-02,0.9750173629392817,True,0.0064829593,0.105424285,0.005889006,0.10047893163294655
0.5833,0.0,0.0266687383234848,,Data,0.0875441851289768,0.0044704020712946,2019-01-01,2019-08-02,1.0,True,0.0044959793,0.08779427,0.0044704885,0.08754503161185537
0.5833,0.0247,0.0372689637861254,,Data,0.0732650140517142,0.0031310157402559,2019-01-01,2019-08-02,1.0250075721228384,True,0.0033014466,0.07523262,0.0035251332,0.07773950669537322
0.5833,0.0488,0.0561620805056792,,Data,0.0737070097266809,0.0031689074908858,2019-01-01,2019-08-02,1.050010327672887,True,0.0031410789,0.07338265,0.003226436,0.07437304067326217
0.5833,0.0953,0.1025427422473162,,Data,0.088601510994923,0.0045790378469153,2019-01-01,2019-08-02,1.0999888022722382,True,0.004557016,0.0883882,0.0036688852,0.07930874433816126
0.5833,0.1823,0.2006757466282026,,Data,0.1159290635547608,0.0078392882181396,2019-01-01,2019-08-02,1.1999741321260695,True,0.0077921604,0.11558007,0.005318875,0.09549132117916669
0.5833,0.2624,0.3002631348282939,,Data,0.1358726039299253,0.0107685139120907,2019-01-01,2019-08-02,1.30004645702234,True,0.010710448,0.13550578,0.0070057097,0.10959230972698425
0.5833,0.4055,0.500075803395606,,Data,0.1633737843046115,0.015568856449059,2019-01-01,2019-08-02,1.500052338750847,True,0.015538644,0.16321519,0.010102173,0.13160167571794748
0.5833,0.5596,0.7499745171620267,,Data,0.1881099070620278,0.0206402671507782,2019-01-01,2019-08-02,1.7499723713311106,True,0.020628897,0.1880581,0.01347256,0.15197742181783017
0.5833,0.6931,0.9999059449686428,,Data,0.2080779278016478,0.0252548041414982,2019-01-01,2019-08-02,1.99990564110608,True,0.025258144,0.20809169,0.016403206,0.1676943294332479
0.5833,0.9163,1.5000231889827764,,Data,0.2415598065816291,0.0340362200528513,2019-01-01,2019-08-02,2.500023170421985,True,0.034239285,0.24227932,0.021312589,0.19114903725015917
0.5833,1.0986,1.999963141645145,,Data,0.2778117127695632,0.0450187135437172,2019-01-01,2019-08-02,2.9999631342221877,True,0.04502781,0.27783978,0.025326807,0.20837433779777395
0.6667,-1.204,7.938873922092942e-05,,Data,0.4898651754340021,0.1599865923316605,2019-01-01,2019-09-01,0.2999918414087205,True,0.15802072,0.4868462,0.09516181,0.37780362491248914
0.6667,-0.9163,0.00027005098353665883,,Data,0.4235969007918329,0.1196288707181092,2019-01-01,2019-09-01,0.3999962927668416,True,0.11912266,0.42269972,0.07341608,0.33184124061119785
0.6667,-0.5108,0.0015970328707262,,Data,0.31063714927831,0.0643335088557871,2019-01-01,2019-09-01,0.6000153744565693,True,0.06430315,0.31056386,0.042789433,0.25333957582697436
0.6667,-0.2231,0.0065820221303429,,Data,0.2070216765909978,0.0285734116515177,2019-01-01,2019-09-01,0.8000348418100656,True,0.028527327,0.20685467,0.021138864,0.17806378104926063
0.6667,-0.1054,0.0132049480569036,,Data,0.1531793659728232,0.0156433942371627,2019-01-01,2019-09-01,0.8999644647935904,True,0.01562636,0.15309595,0.012408748,0.13642650693333747
0.6667,-0.0513,0.0190001566027118,,Data,0.1229085356037698,0.0100715089664462,2019-01-01,2019-09-01,0.9499936296895316,True,0.0100536235,0.12279935,0.0085437,0.11320295589873944
0.6667,-0.0253,0.0231637342275886,,Data,0.1064000372128697,0.0075476893115306,2019-01-01,2019-09-01,0.9750173629392817,True,0.0074986513,0.10605383,0.006806832,0.10104324432383395
0.6667,0.0,0.0290877620450307,,Data,0.0893164080515348,0.005318546412177,2019-01-01,2019-09-01,1.0,True,0.0053432044,0.08952322,0.005318628,0.0893170944470456
0.6667,0.0247,0.0393687725761796,,Data,0.0754882834366006,0.0037991772401675,2019-01-01,2019-09-01,1.0250075721228384,True,0.0039613694,0.07708279,0.0042800643,0.08012350088288114
0.6667,0.0488,0.0574154403481388,,Data,0.0742667913050582,0.0036772213790424,2019-01-01,2019-09-01,1.050010327672887,True,0.0036548707,0.07404075,0.0038597044,0.07608723333907563
0.6667,0.0953,0.1031270259923743,,Data,0.0872618451605002,0.0050766735681974,2019-01-01,2019-09-01,1.0999888022722382,True,0.0050805192,0.08729489,0.0041803843,0.07918499218990782
0.6667,0.1823,0.2008780636701023,,Data,0.1127869534753661,0.0084810219460654,2019-01-01,2019-09-01,1.1999741321260695,True,0.008426564,0.112424254,0.00584545,0.09363619177687653
0.6667,0.2624,0.3003424334727242,,Data,0.1317510366338234,0.0115728023805798,2019-01-01,2019-09-01,1.30004645702234,True,0.011472838,0.13118078,0.007608483,0.10682768373427698
0.6667,0.4055,0.5000900588163741,,Data,0.1585855532367484,0.0167670901095268,2019-01-01,2019-09-01,1.500052338750847,True,0.01664872,0.15802477,0.0108719375,0.12769922040925216
0.6667,0.5596,0.7499767575813024,,Data,0.1833897079210618,0.0224223110404139,2019-01-01,2019-09-01,1.7499723713311106,True,0.022376994,0.1832043,0.014435222,0.14714533961723175
0.6667,0.6931,0.999906399925624,,Data,0.2033133036401022,0.0275589108346828,2019-01-01,2019-09-01,1.99990564110608,True,0.027565101,0.20333613,0.017536832,0.1621848723922438
0.6667,0.9163,1.5000232200268422,,Data,0.2344622667868494,0.03665020211637,2019-01-01,2019-09-01,2.500023170421985,True,0.036658768,0.23448966,0.022735449,0.18466582726062075
0.6667,1.0986,1.9999631450323476,,Data,0.2632132829344444,0.0461897975831623,2019-01-01,2019-09-01,2.9999631342221877,True,0.046353087,0.26367813,0.026987452,0.20119431933399537
0.75,-1.204,0.00012540505464106504,,Data,0.4810023926265256,0.1735224762843317,2019-01-01,2019-10-02,0.2999918414087205,True,0.17185217,0.47868177,0.10073,0.3664787432242551
0.75,-0.9163,0.0003884282689839724,,Data,0.4153974226575228,0.1294162640628844,2019-01-01,2019-10-02,0.3999962927668416,True,0.12909713,0.41488492,0.07782433,0.3221269559661452
0.75,-0.5108,0.002019642649814,,Data,0.3040953227296908,0.0693554739795561,2019-01-01,2019-10-02,0.6000153744565693,True,0.06958994,0.3046089,0.045569237,0.24649337332976512
0.75,-0.2231,0.0076214441899447,,Data,0.2029861724039895,0.0309025396404166,2019-01-01,2019-10-02,0.8000348418100656,True,0.030835457,0.20276573,0.022784201,0.17429553992493776
0.75,-0.1054,0.0148005247912411,,Data,0.1512689376643069,0.0171617186265659,2019-01-01,2019-10-02,0.8999644647935904,True,0.01710331,0.1510113,0.01361934,0.13475577921998258
0.75,-0.0513,0.0209816213207509,,Data,0.1225489331760377,0.0112636807669387,2019-01-01,2019-10-02,0.9499936296895316,True,0.011244499,0.12244454,0.009579873,0.113018421580985
0.75,-0.0253,0.0253583500233382,,Data,0.107017987751201,0.0085896372767371,2019-01-01,2019-10-02,0.9750173629392817,True,0.00854965,0.1067686,0.0077712783,0.10179245725732765
0.75,0.0,0.0314476843653371,,Data,0.0910459146986782,0.0062170189374892,2019-01-01,2019-10-02,1.0,True,0.006234394,0.09117305,0.006217019,0.09104591637774426
0.75,0.0247,0.0414890938054622,,Data,0.0777005308821894,0.0045280293745305,2019-01-01,2019-10-02,1.0250075721228384,True,0.0046656406,0.07887239,0.0050924905,0.08240137915066656
0.75,0.0488,0.0587429411004571,,Data,0.0750946479227753,0.0042294046099841,2019-01-01,2019-10-02,1.050010327672887,True,0.0042042574,0.07487107,0.004556409,0.07794364702190756
0.75,0.0953,0.1037487341446904,,Data,0.0863001822473558,0.0055857910919451,2019-01-01,2019-10-02,1.0999888022722382,True,0.0056279446,0.0866252,0.004734987,0.07945637735982594
0.75,0.1823,0.2011000802526767,,Data,0.1102244142039504,0.009112066114953,2019-01-01,2019-10-02,1.1999741321260695,True,0.009059089,0.10990353,0.006389091,0.09229727905953054
0.75,0.2624,0.3004340158424464,,Data,0.1283563133944746,0.0123565073911654,2019-01-01,2019-10-02,1.30004645702234,True,0.012218832,0.12763925,0.008216579,0.10466823424329173
0.75,0.4055,0.5001088851458366,,Data,0.1546103689374372,0.0179282746372278,2019-01-01,2019-10-02,1.500052338750847,True,0.01773646,0.15378106,0.01163279,0.12454070208937353
0.75,0.5596,0.7499802937684059,,Data,0.1793503780508513,0.0241249185802374,2019-01-01,2019-10-02,1.7499723713311106,True,0.024035113,0.17901625,0.015376439,0.1431849122315191
0.75,0.6931,0.9999072439802136,,Data,0.1991789672772724,0.0297541957542305,2019-01-01,2019-10-02,1.99990564110608,True,0.029751632,0.19917038,0.01863896,0.15764499845956276
0.75,0.9163,1.500023295781223,,Data,0.2294596498692391,0.0394887981885853,2019-01-01,2019-10-02,2.500023170421985,True,0.039356165,0.22907397,0.024110666,0.17929738999724273
0.75,1.0986,1.9999631553775208,,Data,0.2541195037421506,0.0484325416366176,2019-01-01,2019-10-02,2.9999631342221877,True,0.048364144,0.25394002,0.028587585,0.19523519257588884
0.8333,-1.204,0.0001823791939343161,,Data,0.4727415298331419,0.1862296788723485,2019-01-01,2019-11-01,0.2999918414087205,True,0.18489648,0.47104633,0.10611233,0.35684715352373747
0.8333,-0.9163,0.000524457177235651,,Data,0.4078588596456297,0.1386184961978815,2019-01-01,2019-11-01,0.3999962927668416,True,0.13856667,0.4077826,0.08210103,0.31388720836094586
0.8333,-0.5108,0.0024625298473378,,Data,0.2982614903252089,0.0741302985119585,2019-01-01,2019-11-01,0.6000153744565693,True,0.07465913,0.29932347,0.048294984,0.24074114483615755
0.8333,-0.2231,0.0086646504079788,,Data,0.1995667766639006,0.0331877543934044,2019-01-01,2019-11-01,0.8000348418100656,True,0.033109665,0.19933185,0.024433013,0.17123314075738283
0.8333,-0.1054,0.0163824736965086,,Data,0.1497669655662533,0.0186910389743035,2019-01-01,2019-11-01,0.8999644647935904,True,0.018580347,0.14932284,0.014859207,0.1335356193675427
0.8333,-0.0513,0.02293335953093,,Data,0.1224153196273985,0.0124874258825491,2019-01-01,2019-11-01,0.9499936296895316,True,0.012457589,0.12226898,0.010657171,0.11308897607461466
0.8333,-0.0253,0.0275113950363652,,Data,0.1077366179125387,0.0096722621267323,2019-01-01,2019-11-01,0.9750173629392817,True,0.009635434,0.10753131,0.008781307,0.1026547143190233
0.8333,0.0,0.0337564411260244,,Data,0.0927204471383855,0.0071639478619078,2019-01-01,2019-11-01,1.0,True,0.007169257,0.092754796,0.007164021,0.0927209205837924
0.8333,0.0247,0.0436180792958443,,Data,0.0798631630223365,0.0053148914024499,2019-01-01,2019-11-01,1.0250075721228384,True,0.005414798,0.08061028,0.0059593883,0.08456684967082222
0.8333,0.0488,0.0601426802378882,,Data,0.0761265940542199,0.0048291887599692,2019-01-01,2019-11-01,1.050010327672887,True,0.0047885473,0.07580558,0.0053142994,0.0798587148775003
0.8333,0.0953,0.1044080872850184,,Data,0.0856308185459649,0.0061102864828071,2019-01-01,2019-11-01,1.0999888022722382,True,0.006199077,0.08625074,0.005335597,0.08001857500461759
0.8333,0.1823,0.2013407781377218,,Data,0.1080938350068381,0.0097365081628324,2019-01-01,2019-11-01,1.1999741321260695,True,0.009691764,0.10784517,0.00695286,0.09134421526834141
0.8333,0.2624,0.300537123902778,,Data,0.1254824923304134,0.0131210217060141,2019-01-01,2019-11-01,1.30004645702234,True,0.012954012,0.12468134,0.008833271,0.10295799995893241
0.8333,0.4055,0.5001323121197264,,Data,0.1511713437112211,0.0190432175403748,2019-01-01,2019-11-01,1.500052338750847,True,0.018804468,0.15022072,0.01238903,0.12193207562524423
0.8333,0.5596,0.749985331711081,,Data,0.17573377789186,0.0257342711647649,2019-01-01,2019-11-01,1.7499723713311106,True,0.025602812,0.17528436,0.01630189,0.1398679789096137
0.8333,0.6931,0.9999086067471924,,Data,0.1954108423793773,0.0318198915862709,2019-01-01,2019-11-01,1.99990564110608,True,0.031793803,0.19533072,0.019716542,0.15382066535049765
0.8333,0.9163,1.5000234474232714,,Data,0.2252161238913183,0.0422668946404426,2019-01-01,2019-11-01,2.500023170421985,True,0.0420835,0.22472699,0.0254474,0.17475154324991576
0.8333,1.0986,1.9999631801107145,,Data,0.2480946750131053,0.0512904214426229,2019-01-01,2019-11-01,2.9999631342221877,True,0.050844103,0.24701288,0.030138182,0.19017692950925202
0.9167,-1.204,0.0002497388358822828,,Data,0.4650309002815758,0.1982398018232423,2019-01-01,2019-12-02,0.2999918414087205,True,0.19724405,0.4638615,0.111336775,0.34850234379483463
0.9167,-0.9163,0.0006761030959035561,,Data,0.4009056208379647,0.1473368979284117,2019-01-01,2019-12-02,0.3999962927668416,True,0.14760245,0.40126675,0.086267225,0.3067674663946955
0.9167,-0.5108,0.0029222784171208,,Data,0.2930220531308779,0.0787096253834028,2019-01-01,2019-12-02,0.6000153744565693,True,0.07954634,0.2945754,0.050977923,0.23581827202110842
0.9167,-0.2231,0.0097123580626372,,Data,0.196634501017587,0.0354443219121321,2019-01-01,2019-12-02,0.8000348418100656,True,0.035364892,0.19641405,0.026089584,0.16870189666626678
0.9167,-0.1054,0.0179537330382557,,Data,0.1485753399618351,0.0202358148287651,2019-01-01,2019-12-02,0.8999644647935904,True,0.020063989,0.14794321,0.016129527,0.1326469301322704
0.9167,-0.0513,0.0248596017032862,,Data,0.1224440229011732,0.0137436602668292,2019-01-01,2019-12-02,0.9499936296895316,True,0.013694078,0.12222295,0.011775069,0.1133360607139519
0.9167,-0.0253,0.0296282706788315,,Data,0.1085175111244943,0.0107951052372742,2019-01-01,2019-12-02,0.9750173629392817,True,0.010756218,0.108321875,0.009835644,0.10358283139790403
0.9167,0.0,0.0360205710941684,,Data,0.0943353606168367,0.008157860212825,2019-01-01,2019-12-02,1.0,True,0.008148926,0.09428369,0.008157929,0.09433576067938643
0.9167,0.0247,0.0457477723297057,,Data,0.0819565991139322,0.0061573676895995,2019-01-01,2019-12-02,1.0250075721228384,True,0.0062112184,0.08231421,0.006878049,0.08662016778225706
0.9167,0.0488,0.0616114595583795,,Data,0.077313994133985,0.0054795317966603,2019-01-01,2019-12-02,1.050010327672887,True,0.005407924,0.07680715,0.006130684,0.08177882305084765
0.9167,0.0953,0.1051056789500645,,Data,0.0851946078836004,0.0066535197154441,2019-01-01,2019-12-02,1.0999888022722382,True,0.006791457,0.08607318,0.005984267,0.08079637447827015
0.9167,0.1823,0.2015996209538982,,Data,0.1062982681283154,0.0103580883005495,2019-01-01,2019-12-02,1.1999741321260695,True,0.010326027,0.106133625,0.0075392695,0.0906882494288432
0.9167,0.2624,0.3006512251954291,,Data,0.1230032906384607,0.0138694963758824,2019-01-01,2019-12-02,1.30004645702234,True,0.0136835715,0.12217606,0.0094611,0.10159146091030213
0.9167,0.4055,0.5001602759124781,,Data,0.148121764477904,0.0201124503546141,2019-01-01,2019-12-02,1.500052338750847,True,0.019853212,0.14716406,0.013143838,0.11974227069932389
0.9167,0.5596,0.7499920049278577,,Data,0.172422952541137,0.027253192671905,2019-01-01,2019-12-02,1.7499723713311106,True,0.02708692,0.17189616,0.017215736,0.1370405787535093
0.9167,0.6931,0.9999105985572124,,Data,0.1919050299263998,0.0337598063864817,2019-01-01,2019-12-02,1.99990564110608,True,0.0336979,0.191729,0.020774644,0.15054043897933145
0.9167,0.9163,1.5000237106058472,,Data,0.2213364920250138,0.0449089888048675,2019-01-01,2019-12-02,2.500023170421985,True,0.044722095,0.22087546,0.026752312,0.1708311413819871
0.9167,1.0986,1.999963229649143,,Data,0.2433874659784086,0.0543029782943949,2019-01-01,2019-12-02,2.9999631342221877,True,0.05359776,0.24180189,0.031647228,0.18580364103906002
1.0,-1.204,0.00032653320825581006,,Data,0.4578422821544061,0.2096195553283548,2019-01-01,2020-01-01,0.2999918414087205,True,0.2089353,0.45709443,0.11640941,0.34118823765851225
1.0,-0.9163,0.0008410119072551981,,Data,0.3944899814727899,0.1556223454824021,2019-01-01,2020-01-01,0.3999962927668416,True,0.15622982,0.39525917,0.090326644,0.3005439143955978
1.0,-0.5108,0.0033948255162773,,Data,0.2883003621632684,0.0831170988234717,2019-01-01,2020-01-01,0.6000153744565693,True,0.08426271,0.2902804,0.053618502,0.2315566925653937
1.0,-0.2231,0.0107614130651413,,Data,0.194101812516467,0.0376755136221777,2019-01-01,2020-01-01,0.8000348418100656,True,0.03760321,0.19391547,0.027751882,0.16658896010609045
1.0,-0.1054,0.0195110326948907,,Data,0.1476273372240565,0.0217938306958653,2019-01-01,2020-01-01,0.8999644647935904,True,0.021554625,0.14681493,0.01742687,0.132010873655551
1.0,-0.0513,0.0267570931109986,,Data,0.1225907332297279,0.0150284878738023,2019-01-01,2020-01-01,0.9499936296895316,True,0.014951212,0.12227515,0.01292921,0.11370668599218069
1.0,-0.0253,0.0317061595743257,,Data,0.1093327364749694,0.0119536472651051,2019-01-01,2020-01-01,0.9750173629392817,True,0.0119091645,0.109129116,0.010929544,0.10454446162424444
1.0,0.0,0.0382377636205895,,Data,0.0958845779833364,0.0091938522950425,2019-01-01,2020-01-01,1.0,True,0.009172428,0.095772795,0.009193853,0.09588457928066886
1.0,0.0247,0.0478655652922625,,Data,0.0839652492612962,0.0070501630835116,2019-01-01,2020-01-01,1.0250075721228384,True,0.00705658,0.08400345,0.007843038,0.08856092855893981
1.0,0.0488,0.0631393809529038,,Data,0.0786133407562711,0.0061800573448615,2019-01-01,2020-01-01,1.050010327672887,True,0.0060629738,0.0778651,0.007000047,0.0836662822300332
1.0,0.0953,0.1058396555908777,,Data,0.0849498696212742,0.0072164803486714,2019-01-01,2020-01-01,1.0999888022722382,True,0.007399684,0.086021416,0.0066801147,0.08173196841146109
1.0,0.1823,0.2018753834927303,,Data,0.1047753810090697,0.0109778804655957,2019-01-01,2020-01-01,1.1999741321260695,True,0.010961606,0.10469769,0.00814857,0.09026942790167192
1.0,0.2624,0.300775520864121,,Data,0.1208424172293627,0.0146028898018353,2019-01-01,2020-01-01,1.30004645702234,True,0.014410111,0.12004212,0.010100179,0.10049964851613286
1.0,0.4055,0.5001925598885318,,Data,0.1453844164084629,0.0211366285344293,2019-01-01,2020-01-01,1.500052338750847,True,0.02087877,0.14449488,0.0138974,0.11788723573559008
1.0,0.5596,0.7500003584533391,,Data,0.1693663260539582,0.0286849524010156,2019-01-01,2020-01-01,1.7499723713311106,True,0.028490817,0.16879223,0.018118415,0.1346046619841112
1.0,0.6931,0.9999132951285564,,Data,0.1886226410775399,0.0355785007270664,2019-01-01,2020-01-01,1.99990564110608,True,0.035472255,0.1883408,0.021814,0.14769563250644485
1.0,0.9163,1.5000241201149482,,Data,0.2177034644959749,0.0473947984535502,2019-01-01,2020-01-01,2.500023170421985,True,0.047217757,0.21729647,0.02802664,0.16741158984727328
1.0,1.0986,1.999963316318307,,Data,0.2392780842142867,0.0572540015852592,2019-01-01,2020-01-01,2.9999631342221877,True,0.056470137,0.23763447,0.033116408,0.18197914081683209
1.5,-1.204,0.0009434322492309316,,Data,0.423083662555887,0.2684996782825555,2019-01-01,2020-07-02,0.2999918414087205,True,0.26885647,0.42336467,0.14450538,0.3103818955031231
1.5,-0.9163,0.0020303689180198,,Data,0.3642531279014139,0.1990205117789456,2019-01-01,2020-07-02,0.3999962927668416,True,0.20143081,0.3664522,0.11307131,0.2745557715534191
1.5,-0.5108,0.006411208233235,,Data,0.2673545552742445,0.1072176873388336,2019-01-01,2020-07-02,0.6000153744565693,True,0.10986889,0.27063984,0.06889576,0.21431403313569825
1.5,-0.2231,0.0170762430207766,,Data,0.1841092152971016,0.0508443047359718,2019-01-01,2020-07-02,0.8000348418100656,True,0.050831746,0.18408647,0.03794629,0.15905196481626555
1.5,-0.1054,0.0286107953092811,,Data,0.1448807122766869,0.0314856311847002,2019-01-01,2020-07-02,0.8999644647935904,True,0.030793026,0.14327835,0.025774315,0.13108347213278615
1.5,-0.0513,0.0376408209662859,,Data,0.124670712788462,0.0233141799407747,2019-01-01,2020-07-02,0.9499936296895316,True,0.022960525,0.123721525,0.020557027,0.11706701018400524
1.5,-0.0253,0.0435032753095298,,Data,0.1142872280507728,0.019592355743294,2019-01-01,2020-07-02,0.9750173629392817,True,0.01950539,0.114033304,0.018244997,0.11028749299568005
1.5,0.0,0.0507435345878289,,Data,0.1039245368730049,0.0162004640464028,2019-01-01,2020-07-02,1.0,True,0.016317684,0.104299836,0.016200464,0.10392453742613725
1.5,0.0247,0.0601783575130256,,Data,0.0942754834901286,0.0133318001809462,2019-01-01,2020-07-02,1.0250075721228384,True,0.01344759,0.094684005,0.014487583,0.09827710208114847
1.5,0.0488,0.0731640933474552,,Data,0.0872759436056515,0.0114256354983853,2019-01-01,2020-07-02,1.050010327672887,True,0.011215434,0.0864694,0.0131779155,0.09372980840786482
1.5,0.0953,0.1110156393569053,,Data,0.0861141951965326,0.0111234819215197,2019-01-01,2020-07-02,1.0999888022722382,True,0.011239,0.08656019,0.011834831,0.08882503767528105
1.5,0.1823,0.2038748015844966,,Data,0.0992558330847664,0.0147775806020265,2019-01-01,2020-07-02,1.1999741321260695,True,0.014925492,0.09975133,0.012369071,0.09080774979201857
1.5,0.2624,0.301721483542479,,Data,0.1120716191754333,0.018840071736905,2019-01-01,2020-07-02,1.30004645702234,True,0.018818803,0.11200834,0.014255372,0.09748631314552474
1.5,0.4055,0.5004695627250495,,Data,0.1331920537636454,0.0266101847786667,2019-01-01,2020-07-02,1.500052338750847,True,0.026503757,0.13292544,0.018491097,0.11102881546278952
1.5,0.5596,0.7500853640547717,,Data,0.1547810235371354,0.0359357478708049,2019-01-01,2020-07-02,1.7499723713311106,True,0.03558444,0.15402259,0.023425905,0.12496907626541333
1.5,0.6931,0.9999460670899808,,Data,0.172408124731023,0.044586842209902,2019-01-01,2020-07-02,1.99990564110608,True,0.044086292,0.17143764,0.027809601,0.13616069250977675
1.5,0.9163,1.5000311110796416,,Data,0.1993149184525235,0.0595896550766041,2019-01-01,2020-07-02,2.500023170421985,True,0.059159692,0.19859454,0.035232354,0.15325872233037238
1.5,1.0986,1.9999653219698208,,Data,0.2192317188775644,0.0720938198430171,2019-01-01,2020-07-02,2.9999631342221877,True,0.07201493,0.21911173,0.04133732,0.1660066639594796
2.0,-1.204,0.0017319023856661,,Data,0.3979598745115222,0.316744123442453,2019-01-01,2020-12-31,0.2999918414087205,True,0.31727204,0.39829138,0.16975144,0.29133437448940414
2.0,-0.9163,0.0034166984208987,,Data,0.3430962102581561,0.2354300189870177,2019-01-01,2020-12-31,0.3999962927668416,True,0.23874661,0.34550443,0.13388948,0.25873681746640287
2.0,-0.5108,0.0095847174169177,,Data,0.2538546986575957,0.1288844160610774,2019-01-01,2020-12-31,0.6000153744565693,True,0.13196503,0.25687063,0.083579056,0.2044248712424038
2.0,-0.2231,0.0233443134371621,,Data,0.178792216189173,0.0639333131396719,2019-01-01,2020-12-31,0.8000348418100656,True,0.063428506,0.17808495,0.048550636,0.15580538433611363
2.0,-0.1054,0.0372919728972635,,Data,0.1444608121222437,0.0417378524780364,2019-01-01,2020-12-31,0.8999644647935904,True,0.040268462,0.14189515,0.03494859,0.1321903762436828
2.0,-0.0513,0.0477608392624475,,Data,0.1273402886530513,0.0324310982284848,2019-01-01,2020-12-31,0.9499936296895316,True,0.03134742,0.12519468,0.029168434,0.12076513247019942
2.0,-0.0253,0.0543264020413541,,Data,0.1187282871347528,0.0281928123319046,2019-01-01,2020-12-31,0.9750173629392817,True,0.027544757,0.11735578,0.026599934,0.11532548357718288
2.0,0.0,0.0621206700046029,,Data,0.1102174950790274,0.0242957924429908,2019-01-01,2020-12-31,1.0,True,0.024171509,0.10993523,0.024295792,0.1102174940370276
2.0,0.0247,0.0716496332046789,,Data,0.1021417519757051,0.0208658749933329,2019-01-01,2020-12-31,1.0250075721228384,True,0.021186424,0.10292333,0.02229256,0.10557594415027736
2.0,0.0488,0.0836690602792857,,Data,0.095353774096668,0.0181846844689568,2019-01-01,2020-12-31,1.050010327672887,True,0.018560277,0.096333474,0.020634985,0.10157505746383741
2.0,0.0953,0.1174294044521291,,Data,0.0898062271002122,0.0161303168519497,2019-01-01,2020-12-31,1.0999888022722382,True,0.015478973,0.087974355,0.018440204,0.09602136153271526
2.0,0.1823,0.2064465078617049,,Data,0.0972015900747967,0.0188962982261376,2019-01-01,2020-12-31,1.1999741321260695,True,0.01889496,0.09719814,0.017649865,0.09394111128234174
2.0,0.2624,0.3029905718684629,,Data,0.1073334185870539,0.0230409254911674,2019-01-01,2020-12-31,1.30004645702234,True,0.02297528,0.10718041,0.019079989,0.0976728949666717
2.0,0.4055,0.5008751001592472,,Data,0.1253637904421262,0.0314321599080346,2019-01-01,2020-12-31,1.500052338750847,True,0.031181106,0.124862134,0.023342064,0.1080325498414456
2.0,0.5596,0.7502244053167055,,Data,0.1445310363320384,0.041778440926426,2019-01-01,2020-12-31,1.7499723713311106,True,0.04097944,0.14314231,0.028714329,0.11982138582967508
2.0,0.6931,1.0000064462200338,,Data,0.1604964688162244,0.0515182330049545,2019-01-01,2020-12-31,1.99990564110608,True,0.050263666,0.15853022,0.03359751,0.1296100117815504
2.0,0.9163,1.5000473898115183,,Data,0.1852213225481869,0.0686138766529989,2019-01-01,2020-12-31,2.500023170421985,True,0.06708617,0.18314771,0.041957684,0.144840746789803
2.0,1.0986,1.999971073029415,,Data,0.2036946061848115,0.0829829851775709,2019-01-01,2020-12-31,2.9999631342221877,True,0.082139365,0.20265657,0.048873868,0.15632317141034277
